<?xml version="1.0" encoding="UTF-8" standalone="yes"?>
<addon id="script.module.tzlocal" name="tzlocal" version="1.5.2" provider-name="Addons4Kodi">
  <requires>
    <import addon="xbmc.python" version="2.25.0"/>
    <import addon="script.module.pytz" version="2014.2"/>
  </requires>
  <extension point="xbmc.python.module" library="lib" />
  <extension point="xbmc.addon.metadata">
    <summary>Python Module to find out the current time zone</summary>
    <description>Packed for Kodi from https://github.com/regebro/tzlocal</description>
    <platform>all</platform>
    <language></language>
    <license>MIT</license>
    <forum></forum>
    <website>https://github.com/regebro/tzlocal</website>
    <source>https://github.com/regebro/tzlocal</source>
    <email></email>
  </extension>
</addon>
