<?xml version="1.0" encoding="UTF-8" standalone="yes"?>
<addon id="repository.ostvanc" name="ostvanc Repository" version="1.0.0" provider-name="ostvanc">
	<extension point="xbmc.addon.repository" name="ostvanc Repository">
		<info compressed="false">https://github.com/ostvanc/kodi/raw/master/addons.xml</info>
		<checksum>https://github.com/ostvanc/kodi/raw/master/addons.xml.md5</checksum>
		<datadir zip="true">https://github.com/ostvanc/kodi/raw/master</datadir>
	</extension>
	<extension point="xbmc.addon.metadata">
		<summary lang="en">ostvanc Kodi addon repository</summary>
		<description lang="en">A Kodi addon repository including 4Anime.to, Bild.de and TelewizjaRepublika.pl</description>
		<platform>all</platform>
		<genre></genre>
	</extension>
</addon>