<?xml version="1.0" encoding="UTF-8" standalone="yes"?>
<addon id="script.module.cloudscraper"
       name="cloudscraper"
       version="1.2.26"
       provider-name="VeNoMouS (venom@gen-x.co.nz)">
  <requires>
    <import addon="xbmc.python" version="2.7.0"/>
	<import addon="script.module.requests" version="2.9.2"/>
  </requires>
  <extension point="xbmc.python.module" library="lib" />
  <extension point="xbmc.addon.metadata">
    <summary lang="en_GB">Screen-scraping library</summary>
    <description lang="en_GB">A simple Python module to bypass Cloudflare's anti-bot page (also known as "I'm Under Attack Mode", or IUAM), implemented with Requests.</description>
    <license>MIT</license>
    <platform>all</platform>
    <website>https://github.com/venomous/cloudscraper</website>
    <assets>
      <icon>icon.png</icon>
    </assets>
  </extension>
</addon>
