{
    "39341436":{"name":"Ring TVP Sport", "icon": "http://s.tvp.pl/images/7/3/6/uid_736e5d2f4e50e0a51e3b83454255f52c1538762634975_width_640_height_360_gs_0.jpg","subcategory": {}},"45300961":{"name":"Piłka parzy", "icon": "http://s.tvp.pl/images/4/d/d/uid_4ddfa31f72b92cd044fdff79d5f01f5d1573642529282_width_640_height_360_gs_0.jpg","subcategory": {}},"44897961":{"name":"Liga literacka", "icon": "http://s.tvp.pl/images/3/f/2/uid_3f2d1f538abdacb13fa2063fdb0459301571333565418_width_640_height_360_gs_0.jpg","subcategory": {}},"44837556":{"name":"Best of the Best – Najlepszy z Najlepszych", "icon": "http://s.tvp.pl/images/c/a/2/uid_ca21dfa38c60222cdef83898fa18c1411571051317370_width_640_height_360_gs_0.jpg","subcategory": {}},"44070687":{"name":"Liga Mistrzów Strongmanów", "icon": "http://s.tvp.pl/images/6/e/a/uid_6eabb5032e9f6d4ffec5e15563bfd4ba1566590682237_width_640_height_360_gs_0.jpg","subcategory": {}},"43767557":{"name":"Gol Retro", "icon": "http://s.tvp.pl/images/e/6/b/uid_e6b44065696b016e211b718d69a45b8b1564771853928_width_640_height_360_gs_0.jpg","subcategory": {}},"43673594":{"name":"Polska szkoła bramkarzy", "icon": "http://s.tvp.pl/images/8/c/d/uid_8cd715ffb22d481465d57dfa7faf9f681564149649143_width_640_height_360_gs_0.jpg","subcategory": {}},"45617124":{"name":"Wokół tafli", "icon": "http://s.tvp.pl/images/9/e/d/uid_9edb5236edaa38c83f21be97212088ce1575408851253_width_640_height_360_gs_0.jpg","subcategory": {}},"43654506":{"name":"Lech TV", "icon": "http://s.tvp.pl/images/a/2/5/uid_a25ce01309da5d722c13e775d6bdb7dc1564039019650_width_640_height_360_gs_0.jpg","subcategory": {}},"43654319":{"name":"Legia TV", "icon": "http://s.tvp.pl/images/a/d/0/uid_ad0ef1f8deb44f21aebef481a85731bf1583405412928_width_640_height_360_gs_0.jpg","subcategory": {}},"43589313":{"name":"Magazyn Gol", "icon": "http://s.tvp.pl/images/4/f/b/uid_4fbbc2ffb1da131b4d5260e09cf4253c1563643372911_width_640_height_360_gs_0.jpg","subcategory": {}},"43481755":{"name":"Świat wyścigów konnych", "icon": "http://s.tvp.pl/images/3/8/e/uid_38e8dadd0f47ea5db79beea965b386031565035879180_width_640_height_360_gs_0.jpg","subcategory": {}},"43245694":{"name":"Licencja na kopanie", "icon": "http://s.tvp.pl/images/8/5/9/uid_8597653c9e7189675481260a2d0263271561630261947_width_640_height_360_gs_0.jpg","subcategory": {}},"36748004":{"name":"Sportowy wieczór", "icon": "http://s.tvp.pl/images/f/d/9/uid_fd970aee5388c39b088c94170983db9d1540309321199_width_640_height_360_gs_0.jpg","subcategory": {}},"77422":{"name":"Magazyn Piłkarski 4-4-2", "icon": "http://s.tvp.pl/images/f/9/1/uid_f915d79b6f598759b33dc6563f95ab2c1439331486421_width_640_height_360_gs_0.jpg","subcategory": {}},"34636212":{"name":"Oko w oko", "icon": "http://s.tvp.pl/images/3/6/d/uid_36d2c6fa1f1f085818240c1bcd589d721513181146677_width_640_height_360_gs_0.jpg","subcategory": {}},"41030571":{"name":"Niesprzedana jedenastka", "icon": "http://s.tvp.pl/images/5/1/c/uid_51cc11d8ce73dba707415e694c5181eb1548498613048_width_640_height_360_gs_0.jpg","subcategory": {}},"39779466":{"name":"Stan futbolu", "icon": "http://s.tvp.pl/images/0/d/b/uid_0dbc905005f33c87e8bc5584d3eb50141541247775499_width_640_height_360_gs_0.jpg","subcategory": {}},"39057593":{"name":"AS – podcast tenisowy", "icon": "http://s.tvp.pl/images/9/9/a/uid_99aea9fca2af0676eac1e03b4dfb16b31537273481324_width_640_height_360_gs_0.jpg","subcategory": {}},"38819211":{"name":"Orły sportu", "icon": "http://s.tvp.pl/images/0/9/1/uid_091c3bd9c35740b33b567b9efaf6f5321536090088985_width_640_height_360_gs_0.jpg","subcategory": {}},"9639153":{"name":"Pełnosprawni", "icon": "http://s.tvp.pl/images/4/0/c/uid_40c0df3f93a2fcb65f13fdea82f4d0d61439330534982_width_640_height_360_gs_0.jpg","subcategory": {}},"39594103":{"name":"Tajemnice sportu", "icon": "http://s.tvp.pl/images/a/c/7/uid_ac7b7273b9bf892bc44f97e5deb8e9401540310067421_width_640_height_360_gs_0.jpg","subcategory": {}},"37026876":{"name":"Kapitan Tsubasa", "icon": "http://s.tvp.pl/images/9/1/4/uid_914f3a71d7e850ae9f9ce7dee8a1b4341525111205404_width_640_height_360_gs_0.jpg","subcategory": {}},"37058291":{"name":"Biało-czerwoni – historie niezwykłe", "icon": "http://s.tvp.pl/images/1/b/9/uid_1b998507e7778abc9ea656f2a7daa9531525969352359_width_640_height_360_gs_0.jpg","subcategory": {}},"35418186":{"name":"Największe legendy mundiali", "icon": "http://s.tvp.pl/images/f/1/e/uid_f1ea8f37f99c02a4f4878f24011d24031524581677314_width_640_height_360_gs_0.jpg","subcategory": {}},"35415364":{"name":"Wielkie walki bokserskie", "icon": "http://s.tvp.pl/images/5/b/1/uid_5b131162d9a5a5de811a922e7568d34c1524582521705_width_640_height_360_gs_0.jpg","subcategory": {}},"34052227":{"name":"Link do historii Przemysława Babiarza", "icon": "http://s.tvp.pl/images/e/7/d/uid_e7d4c746c6e3e9070e592a2f870b68001505834839839_width_640_height_360_gs_0.jpg","subcategory": {}}

}